{"name":"8309b7e7-0dc4-412f-95ea-88edc5362ddc","id":"/providers/Microsoft.Flow/flows/8309b7e7-0dc4-412f-95ea-88edc5362ddc","type":"Microsoft.Flow/flows","properties":{"apiId":"/providers/Microsoft.PowerApps/apis/shared_logicflows","displayName":"Weather API Extraction - India - Open Weather API","definition":{"metadata":{"workflowEntityId":null,"processAdvisorMetadata":null,"flowChargedByPaygo":null,"flowclientsuspensionreason":"None","flowclientsuspensiontime":null,"flowclientsuspensionreasondetails":null,"creator":{"id":"b1aa2c88-f78e-4297-9110-be05d5f0afc4","type":"User","tenantId":"685000c7-e97a-46ae-804d-8dae8633009e"},"provisioningMethod":"FromDefinition","failureAlertSubscription":true,"clientLastModifiedTime":"2025-05-07T06:40:38.7911406Z","connectionKeySavedTimeKey":"2025-05-07T06:40:38.7911406Z","creationSource":"Portal","modifiedSources":"Portal"},"$schema":"https://schema.management.azure.com/providers/Microsoft.Logic/schemas/2016-06-01/workflowdefinition.json#","contentVersion":"undefined","parameters":{"$authentication":{"defaultValue":{},"type":"SecureObject"},"$connections":{"defaultValue":{},"type":"Object"}},"triggers":{"Recurrence":{"recurrence":{"interval":1,"frequency":"Day","timeZone":"India Standard Time","schedule":{"hours":["10","6","15","20"]}},"type":"Recurrence"}},"actions":{"capitals":{"runAfter":{},"type":"InitializeVariable","inputs":{"variables":[{"name":"capitals","type":"array","value":["Delhi","Mumbai","Chennai","Kolkata","Bengaluru","Hyderabad","Ahmedabad","Jaipur","Lucknow","Bhopal","Raipur","Patna","Ranchi","Guwahati","Bhubaneswar","Thiruvananthapuram","Panaji","Shimla","Dehradun","Itanagar","Gangtok","Aizawl","Imphal","Kohima","Agartala","Shillong","Chandigarh","Leh"]}]}},"Apply_to_each":{"foreach":"@variables('capitals')","actions":{"HTTP":{"type":"Http","inputs":{"uri":"https://api.openweathermap.org/data/2.5/weather?q=@{items('Apply_to_each')},IN&appid=fa3c1f648fdc0038e0fa54390917b981&units=metric\n","method":"GET"},"runtimeConfiguration":{"contentTransfer":{"transferMode":"Chunked"}}},"Parse_JSON":{"runAfter":{"HTTP":["Succeeded"]},"type":"ParseJson","inputs":{"content":"@body('HTTP')","schema":{"type":"object","properties":{"name":{"type":"string"},"main":{"type":"object","properties":{"temp":{"type":"number"},"humidity":{"type":"number"}}},"wind":{"type":"object","properties":{"speed":{"type":"number"}}},"weather":{"type":"array","items":{"type":"object","properties":{"main":{"type":"string"},"description":{"type":"string"}}}}}}}},"Compose":{"runAfter":{"Parse_JSON":["Succeeded"]},"type":"Compose","inputs":"@body('Parse_JSON')"},"Weather":{"runAfter":{"Compose":["Succeeded"]},"metadata":{"01DD72R5VF775ECXIS3VF3UCZOFDV6ZM5P":"/Weather Dashboard/WeatherData.xlsx","tableId":"{00000000-000C-0000-FFFF-FFFF00000000}","01DD72R5Q5UKH2HUJYUVDLRMMBITUKSSNT":"/All India WeatherAPI.xlsx"},"type":"OpenApiConnection","inputs":{"parameters":{"source":"me","drive":"b!lsFdDQ8XJUmglkqCou7RvqNVMMpZUPZBpp81r4hiTVfoZ5lSCBkgQ7s4OjxaXbdP","file":"01DD72R5VF775ECXIS3VF3UCZOFDV6ZM5P","table":"{00000000-000C-0000-FFFF-FFFF00000000}","dateTimeFormat":"ISO 8601","item/City":"@items('Apply_to_each')","item/Date":"@utcNow()","item/Temperature":"@body('Parse_JSON')?['main']['temp']","item/Humidity":"@body('Parse_JSON')?['main']['humidity']","item/WindSpeed":"@body('Parse_JSON')?['wind']['speed']","item/Condition":"@body('Parse_JSON')?['weather'][0]['main']","item/Description":"@body('Parse_JSON')?['weather'][0]['description']"},"host":{"apiId":"/providers/Microsoft.PowerApps/apis/shared_excelonlinebusiness","connectionName":"shared_excelonlinebusiness","operationId":"AddRowV2"},"authentication":"@parameters('$authentication')"}}},"runAfter":{"capitals":["Succeeded"]},"type":"Foreach"},"Refresh_a_dataset":{"runAfter":{"Apply_to_each":["Succeeded"]},"type":"OpenApiConnection","inputs":{"parameters":{"groupid":"3cbf4ffb-766e-485d-83d1-ba6be1d622c9","datasetid":"1d24fd7d-9af1-456f-be5c-544299d39ec5"},"host":{"apiId":"/providers/Microsoft.PowerApps/apis/shared_powerbi","connectionName":"shared_powerbi","operationId":"RefreshDataset"},"authentication":"@parameters('$authentication')"}}}},"connectionReferences":{"shared_excelonlinebusiness":{"connectionName":"shared-excelonlinebu-79c25728-1d54-4b06-9d8f-dfeda762ffce","source":"Embedded","id":"/providers/Microsoft.PowerApps/apis/shared_excelonlinebusiness","tier":"NotSpecified","apiName":"excelonlinebusiness"},"shared_powerbi":{"connectionName":"shared-powerbi-cd251290-b44b-4f7a-b4ff-660fbe5a27d2","source":"Embedded","id":"/providers/Microsoft.PowerApps/apis/shared_powerbi","tier":"NotSpecified","apiName":"powerbi"}},"flowFailureAlertSubscribed":false,"isManaged":false}}